"","N_raw","N_trimmed","Percent_trimmed","N_nonhuman","Percent_nonhuman","N_AMR","Percent_AMR","N_VIR","Percent_VIR","N_PHAG","Percent_PHAG","N_kaiju","N_kaijuClassified","Percent_kaijuClassified","N_kaijublast","N_kaijublastClassified","Percent_kaijublastClassified"
"AL0002",3092835,3058447,98.89,29176,0.95,0,0,14219,48.7353,54,0.1851,100000,83755,83.755,1e+05,61,0.061
"AL0003",3032983,2996860,98.81,31576,1.05,0,0,15686,49.677,70,0.2217,100000,84244,84.244,1e+05,126,0.126
"AL0004",3029664,2996704,98.91,29923,1,0,0,14243,47.5988,52,0.1738,100000,83946,83.946,1e+05,41,0.041
"CH0001",3478198,3434779,98.75,167353,4.87,54,0.0323,46363,27.7037,1505,0.8993,100000,89080,89.08,1e+05,11571,11.571
"CH0002",4226567,4177801,98.85,399998,9.57,57,0.0143,49708,12.4271,1793,0.4483,100000,93525,93.525,1e+05,13963,13.963
"CH0006",3546686,3508528,98.92,37663,1.07,0,0,22680,60.2183,46,0.1221,100000,79961,79.961,1e+05,69,0.069
"CH0012",3784192,3740845,98.85,213396,5.7,862,0.4039,28240,13.2336,2211,1.0361,100000,96252,96.252,1e+05,16923,16.923
"CH0016",3944132,3898736,98.85,71877,1.84,7,0.0097,35174,48.9364,113,0.1572,100000,85429,85.429,1e+05,11812,11.812
"CH0018",4103052,4059534,98.94,62068,1.53,4,0.0064,19237,30.9934,108,0.174,100000,82125,82.125,1e+05,2852,2.852
"CH0019",3795235,3756116,98.97,38444,1.02,0,0,17896,46.5508,62,0.1613,100000,86591,86.591,1e+05,46,0.046
"CH0020",3938082,3891440,98.82,46308,1.19,0,0,15779,34.074,85,0.1836,100000,67737,67.737,1e+05,98,0.098
"CH0022",4835611,4786937,98.99,47363,0.99,0,0,22516,47.5392,90,0.19,100000,85876,85.876,1e+05,50,0.05
"CH0023",4653792,4558312,97.95,168011,3.69,61,0.0363,41466,24.6805,1563,0.9303,100000,88196,88.196,1e+05,9809,9.809
"CH0030",4662010,4554865,97.7,48696,1.07,0,0,19902,40.8699,55,0.1129,100000,85236,85.236,1e+05,61,0.061
"CH0035",3406186,3336203,97.95,208811,6.26,66,0.0316,39647,18.987,2032,0.9731,100000,93128,93.128,1e+05,16100,16.1
"CH0038",3719890,3637412,97.78,37333,1.03,0,0,15267,40.8941,40,0.1071,100000,85184,85.184,1e+05,70,0.07
"CH0039",3829010,3749302,97.92,41783,1.11,0,0,23290,55.7404,57,0.1364,100000,80102,80.102,1e+05,91,0.091
"CH0050",3864614,3779876,97.81,119355,3.16,36,0.0302,35597,29.8245,273,0.2287,100000,92360,92.36,1e+05,7656,7.656
"CH0055",3630975,3542800,97.57,98187,2.77,46,0.0468,27267,27.7705,166,0.1691,100000,91142,91.142,1e+05,7556,7.556
"DU0002",4026419,3952692,98.17,71866,1.82,12,0.0167,22917,31.8885,179,0.2491,100000,89399,89.399,1e+05,8413,8.413
"DU0004",3847686,3788031,98.45,86208,2.28,13,0.0151,35047,40.654,534,0.6194,100000,83043,83.043,1e+05,7746,7.746
"DU0005",3620199,3540638,97.8,618149,17.46,434,0.0702,106349,17.2044,5950,0.9626,100000,94671,94.671,1e+05,12241,12.241
"DU0007",3556004,3489264,98.12,48727,1.4,0,0,16806,34.4901,113,0.2319,100000,82129,82.129,1e+05,590,0.59
"DU0010",3909576,3834923,98.09,2162198,56.38,1739,0.0804,183853,8.5031,19931,0.9218,100000,96747,96.747,1e+05,24159,24.159
"DU0012",2952678,2714713,91.94,49855,1.84,12,0.0241,14171,28.4244,65,0.1304,100000,83092,83.092,1e+05,917,0.917
"DU0013",3372589,3183311,94.39,47932,1.51,1,0.0021,18047,37.6513,112,0.2337,100000,86158,86.158,1e+05,1707,1.707
"DU0017",4092548,4064288,99.31,1678277,41.29,962,0.0573,171223,10.2023,11658,0.6946,100000,94616,94.616,1e+05,9233,9.233
"DU0019",3771498,3740657,99.18,427499,11.43,430,0.1006,79133,18.5107,2832,0.6625,100000,96788,96.788,1e+05,18793,18.793
"DU0034",3204141,3175930,99.12,609166,19.18,776,0.1274,122879,20.1717,8553,1.4041,100000,93875,93.875,1e+05,13908,13.908
"DU0038",3328238,3302018,99.21,188340,5.7,162,0.086,43630,23.1656,178,0.0945,100000,94312,94.312,1e+05,15932,15.932
"DU0047",3015623,2985834,99.01,99847,3.34,414,0.4146,19942,19.9726,281,0.2814,100000,95061,95.061,1e+05,9283,9.283
"DU0058",2888938,2860289,99.01,1056126,36.92,499,0.0472,255036,24.1483,97711,9.2518,100000,92017,92.017,1e+05,17318,17.318
"DU0059",2709420,2687482,99.19,735657,27.37,646,0.0878,126455,17.1894,11625,1.5802,100000,95290,95.29,1e+05,18640,18.64
"DU0063",3433981,3389709,98.71,228858,6.75,95,0.0415,59181,25.8593,1684,0.7358,100000,91949,91.949,1e+05,11856,11.856
"DU0064",3246974,3205434,98.72,290361,9.06,531,0.1829,50320,17.3302,2118,0.7294,100000,95578,95.578,1e+05,15112,15.112
"DU0071",2966451,2934879,98.94,67375,2.3,18,0.0267,30712,45.5837,162,0.2404,100000,89935,89.935,1e+05,2492,2.492
"DU0074",3922961,3891402,99.2,85157,2.19,38,0.0446,35270,41.4176,333,0.391,100000,90080,90.08,1e+05,4553,4.553
"DU0076",4052276,4025135,99.33,592460,14.72,429,0.0724,102467,17.2952,4842,0.8173,100000,94724,94.724,1e+05,11463,11.463
"DU0077",3775660,3738797,99.02,888433,23.76,677,0.0762,227135,25.5658,17506,1.9704,100000,95251,95.251,1e+05,12209,12.209
"DU0083",3933719,3896268,99.05,48992,1.26,2,0.0041,22705,46.3443,93,0.1898,100000,88123,88.123,1e+05,401,0.401
"DU0087",4846854,4808230,99.2,492547,10.24,338,0.0686,80067,16.2557,2934,0.5957,100000,94433,94.433,1e+05,18278,18.278
"DU0089",4103913,4069573,99.16,155091,3.81,119,0.0767,45231,29.1642,831,0.5358,100000,92666,92.666,1e+05,8824,8.824
"DU0099",4303841,4270985,99.24,225175,5.27,83,0.0369,57037,25.3301,1227,0.5449,100000,94372,94.372,1e+05,6943,6.943
"IT103",3407133,3302978,96.94,66077,2,86,0.1302,21574,32.6498,174,0.2633,100000,87880,87.88,1e+05,4503,4.503
"IT11",4119007,4087793,99.24,137556,3.37,121,0.088,34390,25.0007,151,0.1098,100000,92481,92.481,1e+05,26403,26.403
"IT148",4455615,4415083,99.09,134375,3.04,411,0.3059,31882,23.7261,500,0.3721,100000,94063,94.063,1e+05,6872,6.872
"IT173",3895920,3862246,99.14,66429,1.72,111,0.1671,23354,35.1563,84,0.1265,100000,90566,90.566,1e+05,3409,3.409
"IT197",4056547,3963966,97.72,98338,2.48,24,0.0244,34807,35.3953,71,0.0722,100000,90742,90.742,1e+05,916,0.916
"IT202",3550708,3466370,97.62,103734,2.99,13,0.0125,32984,31.7967,169,0.1629,100000,89378,89.378,1e+05,5079,5.079
"IT222",4074661,3985383,97.81,163025,4.09,423,0.2595,37399,22.9407,770,0.4723,100000,93692,93.692,1e+05,8618,8.618
"IT226",4155710,4054241,97.56,81770,2.02,4,0.0049,24903,30.4549,124,0.1516,100000,88429,88.429,1e+05,4362,4.362
"IT230",3821486,3735474,97.75,63358,1.7,5,0.0079,23928,37.7663,122,0.1926,100000,82379,82.379,1e+05,2621,2.621
"IT236",4093203,4000540,97.74,168436,4.21,451,0.2678,37668,22.3634,1170,0.6946,100000,93431,93.431,1e+05,7689,7.689
"IT254",4258100,4161687,97.74,109581,2.63,16,0.0146,24089,21.9828,372,0.3395,100000,83903,83.903,1e+05,4772,4.772
"IT257",3410073,3327195,97.57,101963,3.06,183,0.1795,27243,26.7185,118,0.1157,100000,92246,92.246,1e+05,4304,4.304
"IT261",4046385,4007427,99.04,101668,2.54,211,0.2075,38951,38.312,788,0.7751,100000,91242,91.242,1e+05,4800,4.8
"IT271",3895305,3858790,99.06,87625,2.27,25,0.0285,30148,34.4057,231,0.2636,100000,90512,90.512,1e+05,3003,3.003
"IT309",3713337,3686314,99.27,75637,2.05,39,0.0516,25206,33.325,500,0.6611,100000,89114,89.114,1e+05,6507,6.507
"IT311",3671925,3641101,99.16,500286,13.74,239,0.0478,117481,23.4828,19373,3.8724,100000,93517,93.517,1e+05,26598,26.598
"IT315",3583395,3553303,99.16,153232,4.31,405,0.2643,42449,27.7024,190,0.124,100000,95003,95.003,1e+05,6601,6.601
"IT323",3414756,3387399,99.2,125112,3.69,45,0.036,47544,38.0012,403,0.3221,100000,92171,92.171,1e+05,3486,3.486
"IT337",3820293,3788476,99.17,58264,1.54,0,0,24143,41.4373,70,0.1201,100000,89224,89.224,1e+05,324,0.324
"IT338",3666280,3626230,98.91,130738,3.61,213,0.1629,34065,26.0559,1802,1.3783,100000,94245,94.245,1e+05,8720,8.72
"IT339",5035766,4981130,98.92,113810,2.28,1,9e-04,42097,36.9888,285,0.2504,100000,91169,91.169,1e+05,1443,1.443
"IT361",4726510,4685526,99.13,1000829,21.36,219,0.0219,264694,26.4475,9312,0.9304,100000,85868,85.868,1e+05,11734,11.734
"IT381",4123085,4092214,99.25,140164,3.43,56,0.04,45100,32.1766,443,0.3161,100000,91786,91.786,1e+05,7957,7.957
"IT52",3696256,3660358,99.03,92255,2.52,92,0.0997,35814,38.8207,70,0.0759,100000,91462,91.462,1e+05,3593,3.593
"IT85",3980116,3935850,98.89,129422,3.29,44,0.034,27612,21.3349,427,0.3299,100000,94074,94.074,1e+05,16392,16.392
"KL0002",4018710,3926425,97.7,544737,13.87,925,0.1698,136701,25.0949,5883,1.08,100000,93609,93.609,1e+05,8811,8.811
"KL0003",3870982,3835450,99.08,1030376,26.86,906,0.0879,239827,23.2757,38750,3.7608,100000,93387,93.387,1e+05,17589,17.589
"KL0004",3632891,3598101,99.04,53707,1.49,40,0.0745,17516,32.614,576,1.0725,100000,86411,86.411,1e+05,4050,4.05
"KL0006",3718817,3683282,99.04,90812,2.47,113,0.1244,24176,26.622,252,0.2775,100000,92141,92.141,1e+05,4796,4.796
"KL0007",3912212,3879467,99.16,117078,3.02,36,0.0307,28997,24.7672,782,0.6679,100000,89880,89.88,1e+05,12879,12.879
"KL0008",4057368,4015651,98.97,92951,2.31,7,0.0075,33924,36.4966,349,0.3755,100000,92273,92.273,1e+05,3135,3.135
"KL0009",3896835,3862291,99.11,76127,1.97,158,0.2075,23122,30.3729,112,0.1471,100000,86739,86.739,1e+05,11252,11.252
"KL0010",3732302,3695249,99.01,247414,6.7,57,0.023,53562,21.6487,1701,0.6875,100000,93634,93.634,1e+05,13428,13.428
"KL0011",3879882,3849423,99.21,267636,6.95,138,0.0516,57181,21.3652,2790,1.0425,100000,90185,90.185,1e+05,14347,14.347
"KL0012",12437246,12300223,98.9,365850,2.97,612,0.1673,89784,24.5412,5054,1.3814,100000,93096,93.096,1e+05,9220,9.22
"KL0013",4223057,4190935,99.24,125445,2.99,258,0.2057,33352,26.587,1654,1.3185,100000,92411,92.411,1e+05,9516,9.516
"KL0014",4910743,4870057,99.17,114618,2.35,89,0.0776,43505,37.9565,859,0.7494,100000,89560,89.56,1e+05,9043,9.043
"KL0016",4625735,4590560,99.24,1099194,23.94,332,0.0302,288529,26.2491,54680,4.9746,100000,90544,90.544,1e+05,8956,8.956
"KL0017",4253126,4220496,99.23,55411,1.31,17,0.0307,34141,61.6141,80,0.1444,100000,82504,82.504,1e+05,463,0.463
"KL0018",4328176,4291972,99.16,1491963,34.76,1226,0.0822,121288,8.1294,9001,0.6033,100000,95632,95.632,1e+05,22266,22.266
"KL0019",4683073,4638850,99.06,64773,1.4,16,0.0247,24332,37.565,186,0.2872,100000,89737,89.737,1e+05,1331,1.331
"KL0020",3543281,3500463,98.79,1149332,32.83,813,0.0707,203661,17.7199,28139,2.4483,100000,95182,95.182,1e+05,15676,15.676
"KL0021",4722747,4685655,99.21,171710,3.66,149,0.0868,52860,30.7845,6764,3.9392,100000,86115,86.115,1e+05,11821,11.821
"KL0022",4705263,4661530,99.07,201115,4.31,550,0.2735,47958,23.8461,1437,0.7145,100000,95279,95.279,1e+05,8405,8.405
"KL0023",4058232,3979345,98.06,84538,2.12,6,0.0071,38974,46.1023,365,0.4318,100000,85076,85.076,1e+05,6358,6.358
"KL0024",4559086,4410959,96.75,2039595,46.24,1492,0.0732,512746,25.1396,40153,1.9687,100000,94612,94.612,1e+05,11340,11.34
"KL0025",4637522,4541775,97.94,71377,1.57,14,0.0196,32998,46.2306,107,0.1499,100000,85276,85.276,1e+05,805,0.805
"KL0026",4571867,4469679,97.76,105045,2.35,25,0.0238,37144,35.3601,415,0.3951,100000,85813,85.813,1e+05,8478,8.478
"KL0027",3977470,3885442,97.69,242061,6.23,1096,0.4528,28693,11.8536,257,0.1062,100000,95524,95.524,1e+05,13616,13.616
"KL0028",4402468,4318410,98.09,128321,2.97,26,0.0203,36278,28.2713,623,0.4855,100000,91352,91.352,1e+05,7438,7.438
"KL0029",4474099,4384783,98,92402,2.11,3,0.0032,34454,37.2871,121,0.1309,100000,91827,91.827,1e+05,960,0.96
"KL0031",5155181,5035167,97.67,478353,9.5,1450,0.3031,47614,9.9537,2063,0.4313,100000,95543,95.543,1e+05,16406,16.406
"KL0035",4648435,4590114,98.75,2757782,60.08,3795,0.1376,67425,2.4449,46446,1.6842,100000,98142,98.142,1e+05,15169,15.169
"KL0036",4159660,4120618,99.06,43909,1.07,0,0,31695,72.1834,72,0.164,100000,74928,74.928,1e+05,161,0.161
"KL0037",4169080,4106586,98.5,79263,1.93,2,0.0025,36979,46.6535,123,0.1552,100000,91140,91.14,1e+05,665,0.665
"KL0039",4065228,4033263,99.21,118628,2.94,86,0.0725,29279,24.6814,1546,1.3032,100000,90725,90.725,1e+05,11080,11.08
"KL0040",3926802,3904150,99.42,53530,1.37,0,0,35162,65.6865,45,0.0841,100000,76333,76.333,1e+05,235,0.235
"KL0041",4013564,3981657,99.21,50951,1.28,0,0,36113,70.8779,64,0.1256,100000,77581,77.581,1e+05,31,0.031
"KL0042",4844989,4814529,99.37,61749,1.28,0,0,43596,70.602,76,0.1231,100000,77907,77.907,1e+05,79,0.079
"KL0043",4767326,4727548,99.17,61119,1.29,0,0,42167,68.9916,97,0.1587,100000,76755,76.755,1e+05,65,0.065
"SBE0003",3336066,3280495,98.33,156432,4.77,124,0.0793,31591,20.1947,1170,0.7479,100000,93242,93.242,1e+05,11143,11.143
"SBE0004",3484344,3421175,98.19,62495,1.83,71,0.1136,18983,30.3752,247,0.3952,100000,88601,88.601,1e+05,1775,1.775
"SBE0006",3380983,3327359,98.41,301073,9.05,488,0.1621,58716,19.5022,2260,0.7506,100000,92482,92.482,1e+05,15694,15.694
"SBE0007",3547408,3480161,98.1,637684,18.32,242,0.0379,141879,22.2491,8551,1.3409,100000,93732,93.732,1e+05,12016,12.016
"SBE0008",3893601,3843807,98.72,102594,2.67,67,0.0653,30072,29.3117,133,0.1296,100000,90423,90.423,1e+05,9309,9.309
"SBE0009",3954306,3901161,98.66,52289,1.34,1,0.0019,19303,36.916,162,0.3098,100000,84453,84.453,1e+05,2004,2.004
"SBE0010",3793424,3743252,98.68,586357,15.66,174,0.0297,67070,11.4384,3210,0.5474,100000,94720,94.72,1e+05,15653,15.653
"SBE0011",4200865,4146189,98.7,69330,1.67,18,0.026,24768,35.7248,80,0.1154,100000,83422,83.422,1e+05,4866,4.866
"SBE0012",4251203,4195907,98.7,163379,3.89,70,0.0428,24271,14.8556,475,0.2907,100000,93479,93.479,1e+05,17367,17.367
"SBE0015",3964626,3916487,98.79,66584,1.7,8,0.012,21653,32.5198,169,0.2538,100000,89299,89.299,1e+05,5147,5.147
"SBE0018",4033251,3981467,98.72,100608,2.53,64,0.0636,39094,38.8577,277,0.2753,100000,85016,85.016,1e+05,7966,7.966
"SG0001",4039908,4001150,99.04,73873,1.85,4,0.0054,28102,38.041,1692,2.2904,100000,87103,87.103,1e+05,4208,4.208
"SG0002",4188821,4147693,99.02,53771,1.3,1,0.0019,20622,38.3515,259,0.4817,100000,87586,87.586,1e+05,3228,3.228
"SG0003",4324161,4286112,99.12,44627,1.04,1,0.0022,21537,48.26,57,0.1277,100000,86690,86.69,1e+05,105,0.105
"SG0006",4205951,4159686,98.9,75347,1.81,31,0.0411,20664,27.4251,105,0.1394,100000,91724,91.724,1e+05,9521,9.521
"SG0012",3497839,3466062,99.09,2001416,57.74,1186,0.0593,477378,23.852,63502,3.1729,100000,94796,94.796,1e+05,16758,16.758
"SG0024",4235361,4192681,98.99,327314,7.81,225,0.0687,64481,19.7,3952,1.2074,100000,94420,94.42,1e+05,16598,16.598
"SG0025",5235036,5176867,98.89,103113,1.99,72,0.0698,34254,33.2199,115,0.1115,100000,89983,89.983,1e+05,9071,9.071
"SG0028",4345689,4302806,99.01,59607,1.39,3,0.005,23314,39.1129,172,0.2886,100000,88934,88.934,1e+05,1971,1.971
"SG0031",4293777,4262154,99.26,208795,4.9,981,0.4698,26360,12.6248,172,0.0824,100000,96466,96.466,1e+05,11811,11.811
"TBE0001",4433532,4366334,98.48,200238,4.59,858,0.4285,28672,14.319,392,0.1958,100000,95476,95.476,1e+05,11716,11.716
"TBE0002",3825960,3727665,97.43,253026,6.79,140,0.0553,38731,15.3071,1589,0.628,100000,91958,91.958,1e+05,14439,14.439
"TBE0003",4753311,4628146,97.37,75267,1.63,27,0.0359,25154,33.4197,200,0.2657,100000,84154,84.154,1e+05,3413,3.413
"TBE0004",4125064,4030990,97.72,797609,19.79,604,0.0757,174580,21.8879,36115,4.5279,100000,90536,90.536,1e+05,9611,9.611
"TBE0005",4740899,4616593,97.38,160165,3.47,674,0.4208,21832,13.6309,286,0.1786,100000,92405,92.405,1e+05,11686,11.686
"TBE0006",3438645,3358350,97.66,493111,14.68,141,0.0286,112616,22.8379,8903,1.8055,100000,87087,87.087,1e+05,11742,11.742
"TBE0007",4504950,4399666,97.66,172116,3.91,612,0.3556,24253,14.0911,595,0.3457,100000,92809,92.809,1e+05,11168,11.168
"TBE0008",4697847,4571138,97.3,92011,2.01,47,0.0511,27462,29.8464,232,0.2521,100000,85252,85.252,1e+05,8044,8.044
"TBE0009",4777948,4655682,97.44,189557,4.07,89,0.047,53645,28.3002,3143,1.6581,100000,89150,89.15,1e+05,9158,9.158
"TBE0010",3917680,3880106,99.04,65555,1.69,18,0.0275,30558,46.6143,290,0.4424,100000,82123,82.123,1e+05,3448,3.448
"TBE0011",3896193,3853592,98.91,93008,2.41,24,0.0258,27921,30.02,115,0.1236,100000,89202,89.202,1e+05,21133,21.133
"TBE0012",4119769,4089537,99.27,380576,9.31,363,0.0954,93255,24.5036,10235,2.6893,100000,93586,93.586,1e+05,19852,19.852
"TBE0013",3732808,3695615,99,86450,2.34,36,0.0416,29621,34.2637,198,0.229,100000,88259,88.259,1e+05,7558,7.558
"TBE0014",4009398,3972351,99.08,1052736,26.5,190,0.018,157435,14.9548,24516,2.3288,100000,92933,92.933,1e+05,12981,12.981
"TBE0015",4247390,4220679,99.37,1383929,32.79,1201,0.0868,280459,20.2654,45451,3.2842,100000,94562,94.562,1e+05,17871,17.871
"TBE0016",3883718,3854144,99.24,225555,5.85,1247,0.5529,33203,14.7206,235,0.1042,100000,95857,95.857,1e+05,12291,12.291
"TBS002",2973906,2945490,99.04,159432,5.41,56,0.0351,47724,29.9338,693,0.4347,100000,89144,89.144,1e+05,7053,7.053
"TBS006",3780827,3751407,99.22,200481,5.34,55,0.0274,72672,36.2488,2167,1.0809,100000,88159,88.159,1e+05,10374,10.374
"TBS011",3565961,3539285,99.25,375118,10.6,369,0.0984,52353,13.9564,2118,0.5646,100000,94295,94.295,1e+05,17657,17.657
"TBS035",2951925,2922861,99.02,41192,1.41,8,0.0194,18034,43.7803,240,0.5826,100000,86952,86.952,1e+05,1695,1.695
"TBS150",3129964,3098636,99,35553,1.15,2,0.0056,17665,49.6864,107,0.301,100000,83527,83.527,1e+05,797,0.797
"TBS153",3351131,3318765,99.03,86653,2.61,33,0.0381,31135,35.9307,484,0.5585,100000,87469,87.469,1e+05,5533,5.533
"TBS160",3357263,3334536,99.32,143430,4.3,542,0.3779,37416,26.0866,708,0.4936,100000,96213,96.213,1e+05,8097,8.097
"TBS165",3079230,3051248,99.09,199450,6.54,111,0.0557,52414,26.2793,2360,1.1833,100000,90794,90.794,1e+05,18004,18.004
"TBS277",3166485,3138584,99.12,50100,1.6,8,0.016,21697,43.3074,212,0.4232,100000,83817,83.817,1e+05,2401,2.401
"TBS349",3798399,3758345,98.95,96865,2.58,73,0.0754,31504,32.5236,887,0.9157,100000,92230,92.23,1e+05,10331,10.331
"TBS365",3028977,2996723,98.94,875623,29.22,288,0.0329,25704,2.9355,131,0.015,100000,96051,96.051,1e+05,14516,14.516
"TBS385",3320468,3286782,98.99,55016,1.67,3,0.0055,24814,45.1032,160,0.2908,100000,89608,89.608,1e+05,1354,1.354
"TBS387",3935583,3835734,97.46,2526761,65.87,1204,0.0476,13834,0.5475,319,0.0126,100000,97279,97.279,1e+05,18949,18.949
"TBS396",4469190,4438859,99.32,108284,2.44,35,0.0323,28425,26.2504,614,0.567,100000,93860,93.86,1e+05,13075,13.075
"TBS425",3758506,3728795,99.21,130955,3.51,572,0.4368,27291,20.84,579,0.4421,100000,94131,94.131,1e+05,9860,9.86
"TBS435",3348490,3294510,98.39,44703,1.36,8,0.0179,22729,50.8445,113,0.2528,100000,81272,81.272,1e+05,2882,2.882
"TBS442",3624637,3588312,99,77640,2.16,54,0.0696,34343,44.2336,531,0.6839,100000,88280,88.28,1e+05,5993,5.993
"TBS461",3811002,3751104,98.43,80026,2.13,2,0.0025,34087,42.5949,65,0.0812,100000,91833,91.833,1e+05,915,0.915
"TBS466",4474943,4435848,99.13,55842,1.26,0,0,29816,53.3935,169,0.3026,100000,82522,82.522,1e+05,3801,3.801
"TBS467",3539812,3513481,99.26,145979,4.15,164,0.1123,23740,16.2626,228,0.1562,100000,94085,94.085,1e+05,9126,9.126
"TBS468",2027933,485495,23.94,187264,38.57,707,0.3775,4349,2.3224,204,0.1089,100000,81611,81.611,1e+05,11910,11.91
"TBS469",3718977,3683570,99.05,64689,1.76,2,0.0031,27175,42.0087,166,0.2566,100000,91664,91.664,1e+05,3039,3.039
"TBS479",3040490,3005432,98.85,51851,1.73,29,0.0559,27600,53.2294,84,0.162,100000,90676,90.676,1e+05,977,0.977
"TBS480",3133180,3102873,99.03,93795,3.02,48,0.0512,31904,34.0146,180,0.1919,100000,94120,94.12,1e+05,6542,6.542
"TBS488",3942570,3867031,98.08,295706,7.65,136,0.046,39048,13.205,1706,0.5769,100000,96630,96.63,1e+05,21176,21.176
"TBS516",4208492,4175631,99.22,635962,15.23,254,0.0399,101771,16.0027,4097,0.6442,100000,93642,93.642,1e+05,12608,12.608
"TBS524",3331820,3304926,99.19,62715,1.9,1,0.0016,28300,45.1248,39,0.0622,100000,91075,91.075,1e+05,852,0.852
"TBS556",3611414,3554890,98.43,43401,1.22,0,0,13110,30.2067,90,0.2074,100000,84201,84.201,1e+05,172,0.172
"TBS559",3959730,3922370,99.06,40992,1.05,0,0,16891,41.2056,96,0.2342,100000,83677,83.677,1e+05,1358,1.358
"TBS587",3285699,3255366,99.08,143226,4.4,31,0.0216,28382,19.8162,804,0.5614,100000,92163,92.163,1e+05,12092,12.092
"TBS596",3595588,3559279,98.99,133273,3.74,588,0.4412,27171,20.3875,1417,1.0632,100000,94905,94.905,1e+05,11618,11.618
"TBS656",3021989,2995149,99.11,39678,1.32,2,0.005,17063,43.0037,94,0.2369,100000,88223,88.223,1e+05,1233,1.233
"TBS663",3274165,3226649,98.55,147078,4.56,59,0.0401,24107,16.3906,1225,0.8329,100000,94953,94.953,1e+05,17877,17.877
"TBS664",3424099,3395679,99.17,42680,1.26,0,0,22131,51.8533,121,0.2835,100000,82324,82.324,1e+05,1319,1.319
"TBS668",3464678,3428220,98.95,42302,1.23,5,0.0118,22614,53.4585,82,0.1938,100000,81840,81.84,1e+05,1313,1.313
"TBS670",3194227,3160123,98.93,144476,4.57,206,0.1426,37315,25.8278,6163,4.2658,100000,93202,93.202,1e+05,15470,15.47
"TBS671",3549720,3497868,98.54,38023,1.09,2,0.0053,15295,40.2257,185,0.4865,100000,77557,77.557,1e+05,1883,1.883
"TBS672",3267459,3247301,99.38,39248,1.21,2,0.0051,22905,58.3597,445,1.1338,100000,80905,80.905,1e+05,315,0.315
"TH0007",3374956,3313036,98.17,134464,4.06,34,0.0253,30771,22.8842,96,0.0714,100000,89238,89.238,1e+05,25249,25.249
"TH0008",3366826,3314820,98.46,98896,2.98,49,0.0495,15595,15.7691,770,0.7786,100000,93735,93.735,1e+05,14991,14.991
"TH0016",4776413,4724056,98.9,2868153,60.71,858,0.0299,292708,10.2055,49414,1.7229,100000,94585,94.585,1e+05,16200,16.2
"TH0017",4208526,4160270,98.85,169565,4.08,775,0.4571,27796,16.3925,404,0.2383,100000,95600,95.6,1e+05,11585,11.585
"TH0019",4159455,4109349,98.8,79593,1.94,21,0.0264,24302,30.5328,422,0.5302,100000,89339,89.339,1e+05,8721,8.721
"TT0003",3258908,3242278,99.49,162969,5.03,27,0.0166,33943,20.8279,1763,1.0818,100000,80191,80.191,1e+05,11410,11.41
"TT0005",3946016,3906632,99,92171,2.36,64,0.0694,23577,25.5796,151,0.1638,100000,92079,92.079,1e+05,10295,10.295
"TT0006",4566632,4523972,99.07,172310,3.81,144,0.0836,48282,28.0204,938,0.5444,100000,89807,89.807,1e+05,13013,13.013
"TT0009",4607522,4556690,98.9,240675,5.28,1333,0.5539,32511,13.5083,127,0.0528,100000,96696,96.696,1e+05,10746,10.746
"TT0010",4442836,4402334,99.09,45491,1.03,0,0,21878,48.093,72,0.1583,100000,87410,87.41,1e+05,25,0.025
"TT0011",3521283,3490356,99.12,316091,9.06,79,0.025,69117,21.8662,2265,0.7166,100000,93424,93.424,1e+05,11966,11.966
"TT0012",11213133,11096700,98.96,160877,1.45,165,0.1026,55374,34.4201,784,0.4873,100000,91062,91.062,1e+05,3379,3.379
"TT0014",4154679,4118114,99.12,39767,0.97,0,0,18644,46.8831,81,0.2037,100000,85056,85.056,1e+05,126,0.126
"TT0015",3575662,3540535,99.02,44314,1.25,0,0,30406,68.6149,60,0.1354,100000,79590,79.59,1e+05,220,0.22
"TT0016",11589600,11474363,99.01,241848,2.11,22,0.0091,102886,42.5416,576,0.2382,100000,93007,93.007,1e+05,1926,1.926
"TT0017",3456536,3417871,98.88,38890,1.14,0,0,25349,65.1813,39,0.1003,100000,79104,79.104,1e+05,55,0.055
"TT0018",3607659,3559434,98.66,1734589,48.73,2367,0.1365,359035,20.6986,31991,1.8443,100000,95330,95.33,1e+05,13620,13.62
"TT0019",3609644,3565046,98.76,288860,8.1,95,0.0329,62798,21.7399,8854,3.0652,100000,91943,91.943,1e+05,14235,14.235
"TT0021",2793582,2754981,98.62,56562,2.05,90,0.1591,15272,27.0005,293,0.518,100000,90221,90.221,1e+05,5161,5.161
"TT0025",9493093,9397046,98.99,371941,3.96,48,0.0129,76858,20.664,1931,0.5192,100000,94016,94.016,1e+05,12791,12.791
"TT0029",7277905,7198043,98.9,68855,0.96,0,0,31112,45.1848,125,0.1815,100000,88464,88.464,1e+05,46,0.046
"TT0030",3210815,3169383,98.71,532345,16.8,1073,0.2016,90127,16.9302,6605,1.2407,100000,95680,95.68,1e+05,19599,19.599
"TT0031",3168951,3120056,98.46,106263,3.41,6,0.0056,33334,31.3693,124,0.1167,100000,92271,92.271,1e+05,6352,6.352
"TT0033",3589722,3542251,98.68,637985,18.01,413,0.0647,148553,23.2847,18613,2.9175,100000,93494,93.494,1e+05,15199,15.199
"TT0034",3734589,3609036,96.64,375852,10.41,357,0.095,58103,15.459,2863,0.7617,100000,93557,93.557,1e+05,15728,15.728
"TT0038",3528842,3398100,96.3,150429,4.43,275,0.1828,27651,18.3814,866,0.5757,100000,93008,93.008,1e+05,12340,12.34
"TT0040",3835041,3795469,98.97,41631,1.1,0,0,19540,46.9362,72,0.1729,100000,83177,83.177,1e+05,113,0.113
"TT0042",3618202,3507023,96.93,52967,1.51,5,0.0094,18701,35.3069,254,0.4795,100000,85714,85.714,1e+05,645,0.645
"TT0043",2819808,2731010,96.85,52622,1.93,29,0.0551,15047,28.5945,143,0.2717,100000,88161,88.161,1e+05,2173,2.173
"TT0045",3500867,3365017,96.12,175233,5.21,398,0.2271,39418,22.4946,737,0.4206,100000,94168,94.168,1e+05,7247,7.247
"TT0048",2964670,2872346,96.89,42674,1.49,1,0.0023,12419,29.102,149,0.3492,100000,83764,83.764,1e+05,1995,1.995
"TT0049",3900750,3767148,96.57,50586,1.34,4,0.0079,15126,29.9016,95,0.1878,100000,83992,83.992,1e+05,1916,1.916
"TT0051",3138781,3039126,96.83,37528,1.23,0,0,18478,49.2379,45,0.1199,100000,76517,76.517,1e+05,88,0.088
"TT0053",3452771,3413599,98.87,180222,5.28,49,0.0272,33297,18.4755,79,0.0438,100000,93716,93.716,1e+05,35583,35.583
"TT0059",3031684,2994647,98.78,71242,2.38,55,0.0772,20882,29.3114,225,0.3158,100000,91766,91.766,1e+05,4332,4.332
"TT0060",3070375,3036473,98.9,391599,12.9,2244,0.573,27868,7.1165,5595,1.4288,100000,98042,98.042,1e+05,14143,14.143
"TT0061",2888126,2843154,98.44,1992148,70.07,1000,0.0502,406849,20.4226,27879,1.3994,100000,95028,95.028,1e+05,12139,12.139
"TT0062",3639543,3601826,98.96,85727,2.38,86,0.1003,26200,30.5621,501,0.5844,100000,91059,91.059,1e+05,8164,8.164
"TT0063",4157683,4110923,98.88,511417,12.44,220,0.043,131491,25.7111,8271,1.6173,100000,93438,93.438,1e+05,13298,13.298
"TT0065",3669506,3626116,98.82,117877,3.25,271,0.2299,28409,24.1005,180,0.1527,100000,94052,94.052,1e+05,7362,7.362
"TT0067",3581857,3539547,98.82,56066,1.58,5,0.0089,18441,32.8916,182,0.3246,100000,87973,87.973,1e+05,1644,1.644
"TT0069",3838089,3788017,98.7,499114,13.18,94,0.0188,102136,20.4635,4636,0.9288,100000,90958,90.958,1e+05,12167,12.167
"TTS1106",3580393,3530299,98.6,229758,6.51,66,0.0287,78224,34.0463,7116,3.0972,100000,89328,89.328,1e+05,11331,11.331
"TTS1108",4337851,4308127,99.31,158209,3.67,82,0.0518,52443,33.1479,1401,0.8855,100000,88309,88.309,1e+05,11764,11.764
"TTS1111",2949499,2920430,99.01,98194,3.36,77,0.0784,34388,35.0205,1418,1.4441,100000,89125,89.125,1e+05,9219,9.219
"TTS1115",3511028,3481635,99.16,54087,1.55,6,0.0111,29933,55.3423,287,0.5306,100000,86213,86.213,1e+05,1810,1.81
"TTS1116",3637679,3590135,98.69,50954,1.42,0,0,22619,44.391,44,0.0864,100000,88260,88.26,1e+05,198,0.198
"TTS1118",3534333,3507489,99.24,62126,1.77,21,0.0338,23407,37.6767,305,0.4909,100000,86318,86.318,1e+05,4990,4.99
"TTS1120",3142729,3126612,99.49,135432,4.33,34,0.0251,36126,26.6746,2241,1.6547,100000,87869,87.869,1e+05,11175,11.175
"TTS1122",3786032,3754501,99.17,107195,2.86,53,0.0494,36076,33.6546,477,0.445,100000,91883,91.883,1e+05,8308,8.308
"TTS1123",3478736,3413889,98.14,530709,15.55,168,0.0317,225138,42.4221,17767,3.3478,100000,92037,92.037,1e+05,11965,11.965
"TTS1131",3964694,3928323,99.08,73799,1.88,148,0.2005,26286,35.6184,239,0.3239,100000,91893,91.893,1e+05,5234,5.234
"TTS1134",3328672,3302832,99.22,86755,2.63,49,0.0565,29114,33.5589,528,0.6086,100000,92849,92.849,1e+05,8262,8.262
"TTS1141",3613568,3585071,99.21,200549,5.59,44,0.0219,58353,29.0966,13104,6.5341,100000,89565,89.565,1e+05,12419,12.419
"TTS1146",3336632,3306133,99.09,32674,0.99,0,0,16617,50.857,35,0.1071,100000,84366,84.366,1e+05,62,0.062
"TTS1149",3723481,3694198,99.21,500424,13.55,274,0.0548,41220,8.237,809,0.1617,100000,95280,95.28,1e+05,7631,7.631
"TTS1160",3388401,3362223,99.23,49266,1.47,7,0.0142,20643,41.9011,258,0.5237,100000,85671,85.671,1e+05,5382,5.382
"TTS1170",3668562,3617337,98.6,44225,1.22,1,0.0023,26373,59.6337,55,0.1244,100000,80181,80.181,1e+05,462,0.462
"TTS1188",3103104,3076538,99.14,1913641,62.2,242,0.0126,169741,8.8701,12347,0.6452,100000,96584,96.584,1e+05,8900,8.9
"TTS1189",3084083,3061028,99.25,183711,6,39,0.0212,58893,32.0574,2031,1.1055,100000,90039,90.039,1e+05,8901,8.901
"TTS1194",3020116,2993606,99.12,68477,2.29,51,0.0745,22252,32.4956,502,0.7331,100000,89892,89.892,1e+05,10666,10.666
"TTS1200",3710209,3654186,98.49,51569,1.41,7,0.0136,23506,45.5816,526,1.02,100000,81853,81.853,1e+05,2563,2.563
"TTS1203",3705655,3673477,99.13,43467,1.18,0,0,27216,62.613,70,0.161,100000,81601,81.601,1e+05,241,0.241
"TTS1204",2983341,2926403,98.09,239796,8.19,61,0.0254,67569,28.1777,4003,1.6693,100000,90718,90.718,1e+05,18433,18.433
"TTS1205",3791573,3761895,99.22,64690,1.72,10,0.0155,25449,39.3399,415,0.6415,100000,86623,86.623,1e+05,3697,3.697
"TTS1210",3623460,3561373,98.29,1448717,40.68,233,0.0161,286274,19.7605,46006,3.1756,100000,91440,91.44,1e+05,13961,13.961
"TTS1212",4323080,4295370,99.36,56577,1.32,113,0.1997,22016,38.9133,80,0.1414,100000,88747,88.747,1e+05,2753,2.753
"TTS1214",4236791,4175997,98.57,327643,7.85,302,0.0922,70853,21.6251,2604,0.7948,100000,92360,92.36,1e+05,16546,16.546
"TTS1223",3533607,3499028,99.02,48312,1.38,12,0.0248,19855,41.0974,201,0.416,100000,87476,87.476,1e+05,2519,2.519
"TTS1263",3948817,3915334,99.15,52359,1.34,4,0.0076,28664,54.7451,108,0.2063,100000,85293,85.293,1e+05,1739,1.739
"TTS1272",3485084,3437126,98.62,61789,1.8,8,0.0129,32162,52.0513,352,0.5697,100000,83781,83.781,1e+05,2613,2.613
"TTS1301",3598982,3539204,98.34,38699,1.09,0,0,16829,43.4869,68,0.1757,100000,83280,83.28,1e+05,366,0.366
"TTS1320",3344636,3287655,98.3,106917,3.25,58,0.0542,36697,34.3229,3020,2.8246,100000,88616,88.616,1e+05,8977,8.977
"TTS1330",3687958,3662587,99.31,48686,1.33,8,0.0164,23839,48.9648,108,0.2218,100000,83914,83.914,1e+05,2524,2.524
