Class	NA	NA	NA	NA	NA	NA	NA	NA	NA	NA	NA	NA	NA	NA	NA	NA	NA	NA	NA	NA	NA	NA	NA	NA	NA	NA	NA	NA	NA	NA	NA	NA	NA	NA	NA	NA	NA	NA	NA	NA	NA	NA	NA	NA	NA	NA	NA	NA	NA	NA	NA	NA	NA	NA	NA	NA	NA	NA	NA	NA	NA	NA	NA	NA	NA	NA	NA	NA	NA	NA	NA	NA	NA	NA	NA	NA	NA	NA	NA	NA	NA	NA	NA	NA	NA	NA	NA	NA	NA	NA	NA	NA	NA	NA	NA	NA	NA	NA	NA	NA	NA	NA	NA	NA	NA	NA	NA	NA	NA	NA	NA	NA	NA	NA	NA	NA	NA	NA	NA	NA	NA	NA	NA	NA	NA	NA	NA	NA	NA	NA	NA	NA	NA	NA	NA	NA	NA	NA	NA	NA	NA	NA	NA	NA	NA	NA	NA	NA	NA	NA	NA	NA	NA	NA	NA	NA	NA	NA	NA	NA	NA	NA	NA	NA	NA	NA	NA	NA	NA	NA	NA	NA	NA	NA	NA	NA	NA	NA	NA	NA	NA	NA	NA	NA	NA	NA	NA	NA	NA	NA	NA	NA	NA	NA	NA	NA	NA	NA	NA	NA	NA	NA	NA	NA	NA	NA	NA	NA	NA	NA	NA	NA	NA	NA	NA
MLS	0	19.2565207307032	56.7531522402221	0	37.1951438951276	50.1637948559084	31.535851456068	0	0	22.4759765973659	23.9776896866291	51.9219426791639	0	8.74511914496345	17.9920447111623	89.2206834034524	0	123.695360286047	92.4234700026474	86.4155200613167	30.6167302212272	64.7560081108103	0	110.513582612719	9.34369496118953	128.696661285676	0	74.7337888377421	155.612334047399	9.24082109497033	30.267717965404	0	33.0510899146116	0	0	0	40.0188247459784	0	0	79.7260687508039	33.2057896644058	21.3706156551716	0	11.0562567218586	92.0820658872473	77.9367627884515	53.836422397018	11.4551655195703	0	0	21.2946194254064	6.30256147190727	12.0412362732465	16.6129039315869	1198.75740318883	207.222384169853	40.2159251843157	0	51.2166041458405	11.5656380922951	14.5922504812794	16.8941332502433	31.2051124159698	58.2104855826221	98.7083323047749	142.693461096787	20.091744305989	0	15.0275432606683	47.8679545620444	5.532063773213	75.1208645818741	79.5444935905577	0	179.527600366968	0	34.4343860147563	86.5595012194822	22.5271488708852	0	76.7607919294428	31.0638283086349	0	0	65.9927894155916	17.5298861770467	92.525657565129	78.6425927808719	0	0	42.5727823614605	0	0	0	26.10278385322	25.6329208400832	0	0	25.1314685550781	158.103217594839	64.3594846743947	0	14.8675585691264	108.721802067061	152.688987295547	98.1432610224781	18.7868142654984	110.584701031846	110.259229556107	12.4714676027846	91.8848321853407	35.7850868879031	112.461900999124	0	0	103.124258762568	10.7323993212401	30.8242392151003	138.013660301454	114.327416038208	73.0176111750868	20.9163429571249	24.114136027012	0	0	108.136453213228	94.9078560242409	72.0430673027218	53.0103223954534	0	0	0.923626427837261	0	102.325934635559	0	69.809393411534	0	10.9159491802535	122.297398410606	0	158.200655587948	0	6.5467812071701	35.6283312978413	0	66.0718291208847	104.208214794277	0	0	0	210.712652987045	0	0	0	0	30.2407485863816	120.053953949506	12.1719811447346	4.69267078648248	26.1004424635171	38.8424830404115	120.422735205926	17.4542142185755	6.89127376884741	1.94196340753069	140.248834935088	3.35388941097022	0	15.6815344261816	59.5483218136697	20.0781166837382	79.0847472668392	99.3459945008408	137.801090423808	0	39.0937227514309	47.9430725970889	0	0	92.1624753047034	24.8788794146688	69.0378188055631	167.487956054709	56.2088049778365	149.98104234183	33.0017750144217	0	16.9602294289701	14.5563210704924	324.25697175483	23.3410200235517	0	0	15.8756811730894	21.6367234766124	50.9627601937023	27.4687190553721	37.2426772922219	60.8259765082282	3.83184168166718	0	16.8300075309306	24.4852108734818	101.452354261681	66.8245270201442	48.1147439580413	0	17.4566258268906	0	109.602448499674	0	0	24.5411129297889	111.07644258465	0
Nitroimidazole_antibiotic	0	0	0	0	0	0	0	0	0	0	0	0	0	0	0	0	0	0	0	0	0	0	0	0	0	0	0	0	0	0	0	0	0	0	0	0	0	0	0	0	0	0	0	0	0	0	0	0	0	0	0	0	0	0	0	0	0	0	0	0	0	0	0	0	0	0	0	0	0	0	0	0	0	0	0	0	0	0	0	0	0	0	0	0	0	0	50.3250545599079	0	0	0	0	0	0	0	0	0	0	0	0	0	0	0	0	0	0	0	0	0	0	0	0	0	0	0	0	0	0	0	0	0	0	0	0	0	0	0	0	0	0	0	0	0	0	0	0	0	0	0	0	0	0	0	0	0	0	0	0	0	0	0	0	0	0	0	0	0	0	0	0	0	0	0	0	0	0	0	0	0	0	0	0	0	0	0	0	0	0	0	0	0	0	0	0	0	0	0	0	0	0	0	0	0	0	0	0	0	0	0	0	0	0	0	0	0	0	0	0	0	0	0	0	0	0	0	0
Aminocoumarin_antibiotic	0	0	0	0	0	0	0	0	0	0	0	0.589913691568317	0	0	0	0	0	0	0.594983486079838	0	0	0	0	0	0	0	0	0	0	0	0	0	0	0	0	0	0	0	0	0	0	0	0	0	0	0	0	0	0	0	0	0	0	0	0	0	0	0	0	0	0	0	0	0	0	0	0	0	0	0	0	0	0	0	0.624657174283172	0	0	0	0	0	0	0	0	0	0	0	15.9181338525864	0	0	0	0	0	0	0	0	0	0	0	0	0	0	0	0	51.4363129884059	0	0	0	0	0	0	0	0	0	0	0	0	0	0	0	0	0	0	0	0	0	0	0	0	0	0	0	0	0	0	0	0	0	0	0	0	0	0	0	0	0	0	0	0	0	0	0	0	34.145008442285	0	0	0	0	0	0	0	0	0	0	0	0	0	0	13.0941447902659	0	0	0	0	0	0	0	0	0	0	0	0	56.8611668476446	0	0	0	0	0	0	0	0	0	0	0	0	0	0	0	0	0	0	0	0	0	0	0	0	0	0	0	0	0	0	0	0	0	0
Antibacterial_free_fatty_acids	0	0	0	0	0	0	0	0	0	0	0	0	0	0	0	0	0	0	0	3.89066091123677	0	0	0	0	0	0	0	0	0	0	0	0	0	0	0	0	0	0	0	0	0	0	0	0	0	0	0	0	0	0	6.12000904340755	0	0	0	0	0	0	0	0	0	0	0	0	0	0	0	0	0	0	0	0	0	0	0	0	0	0	0	0	0	0	0	0	0	0	0	0	2.13764290168449	0	0	0	0	0	0	0	0	0	0	0	0	6.7852490442457	0	0	0	0	8.10427053291672	0	0	0	0	0	0	0	0	0	0	0	3.77375021702642	0	0	0	13.0312766976845	3.45583072272854	0	0	0	0	55.1437107611171	0	0	0	0	0	0	0	0	0	0	0	0	0	0	0	3.31268467775387	0	0	0	0	0	0	0	0	0	0	0	5.63947372197292	0	0	0	0	0	0	0	0	0	0.765204994791798	0	0	0	0	0	3.20715071098481	20.9510871059819	0	0	0	0	0	0	0	0	0	0	0	0	0	0	0	0	0	0	0	0	0	0	0	0	0	0	0	0	5.9556792361603	0	0	0	0	0	0.458100569921838	0	0	0	0	0	0	0
Triclosan	0	0	309.815801308178	0	17.1124108399231	0	0	0	0	0	0	0	28.0651583730218	0	5.19742280772833	70.8758389612614	0	318.02419909281	0	0	0	82.9758662313503	0	0	0	0	0	0	0	0	63.439809712325	16.0459139892293	196.942617253406	122.567155608419	29.0869018260788	0	234.62187286875	0	0	252.680573996264	0	162.441237045725	159.4188821949	25.3568394052046	18.0772975879529	0	207.97299241405	0	0	0	0	20.9785322572631	53.8434005709165	0	0	0	41.3706416832267	16.3004447434394	0	0	145.220123112788	0	0	56.3963025848615	76.6584789814051	0	0	0	0	11.4190321648557	0	0	157.488292186809	0	0	0	0	248.206372673238	0	0	211.543125531707	0.522233733790776	0	0	9.4067602204523	70.8555684514068	59.8278433997908	0	0	0	0	0	0	0	0	0	0	0	0	0	0	0	0	261.686990585735	335.156773416152	0	0	0	258.612961685714	0	297.20958550186	8.04937472288116	0	0	14.7103068671219	0	0	0	0	378.40842440462	0	0	45.5880797101454	0	0	0	232.537735468317	0	0	0	0	0	0	383.887139527043	0	0	0	0	182.089570140794	0	0	0	0	0	0	0	237.540921629537	0	0	0	0	0	0	11.0087159986407	0	0	292.789776998801	0	0	0	12.0002024317346	426.468588553778	0	61.4112380410506	0	64.1352609076301	0	0	0	93.247590520862	0	0	23.1521832708565	106.023184810225	0	28.1116750200861	167.059934847263	0	0	16.4272507023695	0	380.293371726627	0	0	0	99.5251140529542	0	0	0	0	13.4370254974788	0	0	0	0	0	115.193937945224	0	0	0	0	0	0	0	0	0	0	0	157.276078606819	0	30.3991760948707	0	0	0	0
Fosfomycin	0	0	88.0739517187263	0	0	0	0	74.8871151626039	0	0	0	0	0	0	0	9.09221191594826	0	79.0603893147349	0	0	0	20.9700585160651	0	0	0	0	0	0	0	0	0	0	61.98106994822	0	0	0	0	0	0	170.003391853817	0	110.016509315927	0	0	0	0	0	56.549994805064	0	0	0	0	29.9434278817031	0	0	0	0	148.382910314178	0	0	0	0	0	20.4135938011964	21.3831036189278	0	8.83259721584877	0	0	0	0	0	68.8291044755389	0	0	0	0	88.3844826000294	0	0	70.2276854124356	0	0	98.4292965255698	0	0	5.70051047857881	0	29.5368445552667	0	0	174.043669531462	0	0	0	0	0	0	99.0442428651994	0	0	145.860434202008	0	77.7761471994622	46.6605809993139	0	0	0	87.0357445845136	0	73.6669814361471	0	13.7310204103188	0	0	0	0	0	0	82.2209629873889	0	0	13.9924353358206	0	0	0	119.003854260175	0	0	0	0	0	0	47.2728080320681	0	0	0	0	19.77065783843	0	0	39.1968717760573	0	0	0	0	15.9646708220576	0	0	0	0	0	0	0	0	0	175.209663436782	0	0	32.8769681386014	53.6249588952474	53.7119546579002	0	0	0	25.8906208530551	0	39.1213056460595	0	34.5479435771965	0	0	18.4937351637332	30.1961487640175	0	0	9.63316621755112	0	0	0	0	114.698819416842	0	60.7232502226554	6.99839478798523	153.724656367682	0	0	0	0	0	0	0	0	0	0	37.4318207458979	0	0	0	0	0	0	0	0	0	0	0	0	0	0	0	0	0	0
Aminoglycoside	0	0	170.015357445455	0	0	7.99869297275737	0	0	0	0	0	0	0	0	44.6106713912685	27.9666171042326	0	139.972353630965	0	0	0	19.6779569409296	0	0	0	36.1983536501083	0	0	0	0	245.231107664559	93.2487455822914	175.203715387259	98.6288592075679	0	0	165.235042002772	0	53.0175562441782	70.4648521494178	0	186.734375584618	53.9682495687506	20.123907932115	0	0	228.308754691009	0	0	0	13.0949414544493	42.8834540700444	95.6523823974526	0	9.2553665079712	0	0	90.664021407663	14.7149960737886	0	81.5761300172848	0	4.17850382479682	386.707513954193	416.514972486115	482.838195922963	7.7320873282623	0	35.1859814517585	0	0	0	228.481123160716	0	0	24.1741415752086	0	211.020044362194	0	0	133.685307859666	6.12112217975759	23.6082091900375	0	60.5653259030527	0	51.0699779996611	0	0	0	0	0	0	0	0	0	0	0	0	21.4569572989211	0	0	0	358.331122842889	210.015260993907	0	0	271.989783098107	119.982744449702	0	218.692419269756	0	0	0	0	0	0	0	0	292.624030258521	0	0	46.1788669253758	0	0	0	114.276735173452	0	0	16.3871803448315	0	193.630415097794	0	254.982620160676	37.6850797172087	0	0	0	263.107854943781	0	0	0	0	0	0	0	221.248208997187	0	0	0	0	0	0	0	0	0	111.822307584197	0	0	18.6828270359394	57.0657854250164	236.519708869438	40.2790809951792	132.089181723493	0	56.6340587757931	0	88.7011465716976	0	82.0457129874469	0	21.0228584984848	15.3008505667946	30.7666884080468	43.389050874276	43.1048463902224	188.504876973057	0	0	0	214.06652181273	513.740630909293	0	189.914226121727	3.44798360741152	111.271006009371	0	0	0	0	8.77924277977515	0	0	0	0	0	82.3727605472039	0	0	115.255203110003	0	0	0	0	0	0	0	0	306.288884014305	0	0	0	0	0	0
Fluoroquinolone	123.789512098424	24.9766529942967	219.970144341009	22.9506043277395	8.80473637385035	76.0209726482097	41.5053040839555	47.4274114652009	0	8.5912098369875	151.783914826545	110.741100682596	90.3114303881075	94.5098605138867	295.563459479761	139.308481749153	0	0	100.103758560897	397.83268480855	131.146532918108	62.8444360935492	19.606737855464	129.035275875156	135.896008243001	55.5454910079666	0	9.02205496279972	42.9036071968668	70.9231544028852	22.7201005595286	0	67.6532769556025	0	0	34.7230880580404	99.0957758195902	15.7433367586636	0	8.77669708023406	39.8128570004166	13.7052531912038	0	48.9818312971694	135.04145884399	200.398055329743	0	109.411669805297	618.583530849635	0	48.4704410527007	0	0	0	1.35961210203643	276.605839853341	0	77.6906118471746	99.677119156659	0	119.417671665888	88.3984513637523	255.439703071158	0	0	37.7304997540518	69.1674778214854	0	28.0499421852234	0	17.5341768169687	25.8623723960379	7.36524891357699	8.76092428998815	3.0938496569403	0	61.3102509459995	33.3817693174611	0	0	53.2252730462037	0	0	41.7174845887547	158.666871937158	0	122.852243966223	27.6499198669776	79.4206217345518	12.210752936053	134.77888269151	0	0	19.6991383691433	141.827324577483	19.2065060948467	0	0	0	5.33478312585603	357.148925448888	31.9963649057816	0	50.5042339520501	45.4005188371293	228.673913554459	9.08881861305272	0	0	11.3729060181142	0	17.8754370901877	81.1261240661403	153.471973363694	0	458.254123194807	17.1343208242225	13.0782615039044	313.271314027855	0	137.028980515299	76.7501271244582	87.5176734461481	35.9599445342308	0	113.477515616883	0	127.771227570979	273.782773879468	4.21041111681696	0	1.26004268611182	19.6130917137794	230.701236016477	0	75.0331548103778	15.9386974743412	5.07354494569094	0	0	141.403000640245	151.461459198787	0	114.169457973752	0	10.3352463103153	0	0	8.85531830634698	0	693.267595433172	34.7009778739035	0	0	0	40.5798894286103	54.6059579468597	182.091897831549	52.3064195415691	17.8973927511357	57.2210822974812	0	2.33997478705247	35.7421603350641	9.18306955471303	55.0371203592459	60.4289209129387	261.465742482467	9.80239051908795	94.9918972699655	0	228.174762762768	48.354671596118	128.150585185767	0	13.5680841278528	0	17.3555564893616	0	0	77.6653102642694	134.98133021062	18.2607041415805	63.4352264914974	22.0989850722611	0	52.203224170495	20.3933722339948	104.253435427068	50.0730597953794	143.585981412915	75.9228046551816	89.2336131044659	24.37373074661	45.5172661510843	19.6508082451541	18.5392243946026	40.0444545386679	21.547562997034	10.0300590515285	52.6086809047034	2.40693648422756	0	324.201338354331	0	12.2171189855176	51.1452730296409	34.8459708190335	0	344.67865055378	44.7853446148619	28.2904951441784	45.0845975475705	44.7518668259874	0
Beta-lactam	0	13.413881135205	141.528184843583	12.0727666986078	0	7.71675755003276	12.8090002388943	153.193599186671	0	0	0	0	0	242.392551558904	36.6036976326183	33.0962054110324	901.454154679779	0	0	6.12096671406521	8.26308947078931	0	0	0	179.973605130265	0	0	3.8349276894136	0	0	137.658701112467	227.37643335368	11.0086693270951	0	0	13.3260172432586	21.0986912634212	0	0	38.5675565306392	0	30.7456536184817	32.7864552596032	0	0	7.80803380466373	33.8378465580213	0	349.546571607217	0	1.75910508216857	0	0	14.3858901854051	54.3848379910995	19.7476251881558	0	151.70714754827	0	0	131.164908702443	0	0	17.8954628480971	5.90402979494614	57.971624103361	64.3074254000208	0	293.407382103151	0	3.91194540046544	19.2840153639607	51.891130989044	11.6198428058369	67.5588216818661	0	0	99.3687657478542	36.8412147109572	0	47.6605634198431	32.8237489890479	0	172.50829364084	0	0	104.330395775538	110.213967093724	128.390933749355	0	11.3889443076922	0	0	0	62.6963347237681	0	0	0	37.2548321756079	14.1873693116539	0	160.460252927187	0	78.2786313924304	93.5230478658093	0	0	235.585040023987	55.3035125401864	15.5047056936596	47.8036851499558	26.6767244563233	25.4909068155929	0	0	4.62604941005657	194.477671111663	9.64289566857539	158.794729872258	116.466432755528	0	26.6815406570602	84.6571504145778	0	0	0	34.102787055816	3.44069991543448	466.429177529368	7.96939852715212	0	195.537960721705	13.8517694557812	45.0988762929841	0	569.108877845057	0	0	37.0837130705552	0	0	91.0336825809727	4.91960614790271	2.4039458702143	0	0	0	0	0	0	0	0	0	0	23.1882718741894	2.73089200850358	99.9781548587693	0	0	45.8179077844286	8.6361513440615	82.2125941339557	0	10.291273078643	0	31.0972470318127	0	103.180355873181	0	13.8307801703329	0	10.3671105359072	37.4424103646062	11.2291459039759	0	0	8.54294560969653	0	0	0	41.7502257817211	142.000895563252	20.3677788213431	141.547111041755	31.9302852891637	79.9236392822982	17.3807461641927	3.55239413318414	44.7090126831427	0	0	0	22.5312435346597	0	0	96.4668226570579	0	23.0534263154861	0	163.34346409341	0	12.017319826266	0	0	0	36.3003590118911	0	0	0	0	0	0	0	17.8834599652192	0
Rifamycin	0	0	0	0	0	0	0	0	0	0	0	0	0	0	0	0	0	0	0	0	0	0	0	0	0	0	0	0	0	0	0	0	0	0	0	0	0	0	0	0	0	0	0	0	0	0	0	0	0	0	0	0	0	0	0	0	0	0	0	0	0	0	0	0	0	0	1.09188371727367	0	0	0	0	0	0	0	0	0	0	0	0	0	0	0	0	0	0	0	0	0	0	0	0	0	0	0	0	0	0	0	0	0	0	0	0	0	0	0	0	0	0	0	0	0	0	0	0	0	0	0	0	0	0	0	0	0	0	0	0	0	0	0	0	0	0	0	0	0	0	0	0	0	0	0	0	0	0	0	0	0	0	0	0	0	0	0	0	0	0	0	0	0	0	0	0	0	0	0	0	0	0	0	0	0	0	0	0	0	0	0	0	0	0	0	0	0	0	0	0	0	0	0	0	0	0	0	0	0	0	0	0	0	0	0	0	0	0	0	0	0	0	0	0	0	0	0	0
Multidrug	57.5737846065556	4.78746170061758	1763.76469990942	59.1576039341323	77.8156151384365	26.7062647483727	58.9048545039721	195.560187154688	113.985424310199	17.4451472665726	7.63305843374689	299.296087845982	84.3062999657932	42.0999178003452	180.057380939627	427.46374865121	109.511460684359	1947.94921302088	18.6676275532266	62.560929259324	91.3455413121859	725.525658976787	0	5.89390475874742	32.3070826485057	21.4054897266357	0	201.880425918479	25.6920105339139	156.003361425668	450.837843482104	130.347057408229	1738.6858608794	904.245691755633	60.1648471735431	14.2604154937475	1224.7777838639	17.57606207837	11.6896211627106	1362.42406233849	4.58023970889711	998.986400485166	1413.13432491098	45.8864097564401	41.4012607748593	19.2772869592868	1334.55273626466	75.3873011115545	271.646397435316	4.41004522924747	6.16216540603986	319.735706600648	451.714559839508	191.989451152936	28.9291689879025	22.5727976755345	196.364340478387	466.369026224019	8.57389513897836	0	1590.68411700045	27.9031308897178	31.2263684337781	632.438747439959	893.662828187477	85.5498799304613	36.3656629663357	151.566807163187	2.85604103628474	81.9489556122622	47.4487695878619	47.7990119692317	1402.23859888648	0	14.3656387462711	114.249976115664	0	2425.76347344889	51.6150995457788	5.42198225155317	1516.75595633477	980.650305794075	0	372.079890305081	214.236826776406	644.974464585388	629.546533874086	0	502.653326552056	0	3.72657930925295	318.772594444943	310.576272105609	59.568943974369	391.826824772571	0	0	0	446.386416853005	3.73914562191782	6.81007944608853	626.081382952685	24.8504711737554	2592.2917500409	1985.04044049264	35.748865922863	150.945174549551	18.9650449325914	2188.10302544844	3.29026403071433	1989.27297273519	444.346040850239	48.4723593161498	0	14.3223168898087	15.1740379183713	0	3.27286250707338	18.4893435793954	2992.16371807019	8.63180520595996	7.50603049211309	351.072258141994	95.5467953508817	36.4198130644563	0	1929.08469319702	86.4707258877457	9.94950030192815	201.676680681129	0	190.828508566105	174.998921018131	2017.05843441031	110.385882972333	6.46454466178071	0	198.265914814122	1756.59916745345	21.3870762842706	0	179.955961861768	312.785344174042	30.4988487996007	0	24.9725819454566	2527.86788102893	37.3072228449322	269.305483214682	87.1713868613022	39.3473640597356	0	0	131.56723083531	264.25432479062	2.48188197241664	2513.72169124579	0	16.0341749685823	587.803908814284	346.926261862146	2887.26167673831	44.3414475043367	449.90175567896	33.1579546877473	557.914738169337	14.9579720672242	515.447135628522	37.377714639124	840.168861349717	0	17.4176000759264	293.697835148041	783.594148839399	15.2501452347581	116.201179298962	1212.42327300525	0	22.5305622796517	31.2873703381729	181.319287073316	2787.00021036489	13.2496510030405	84.8226454124492	15.3372536274917	1194.95237245581	0	13.8720266131208	4.0745230991959	0	152.479903136743	0	0	3.70597235173854	265.861276424016	5.4055146032007	954.171520015878	161.285070617623	10.7325205159813	128.049167524423	43.2493971038829	1.43770180146877	2.73204787704957	14.6459285825704	0	7.99851789095778	0	6.33001346267003	840.677352059957	20.8262823768541	99.9669682334467	0	0	68.3354587377195	116.992247931747
Mupirocin	0	0	0	0	0	0	0	0	0	0	0	0	0	0	0	0	0	0	0	0	0	0	0	0	1.25009455090136	0	0	0	0	0	0	0	0	0	0	0	0	0	0	0	0	0	0	0	0	0	0	0	0	0	0	0	0	0	3.19933398587209	0	0	0	0	0	0	0	0	0	0	0	0	0	0	0	0	0	0	0	0	0	0	0	0	0	0	0.926119961916144	0	0	0	0	0	0	0	0	2.37130931386577	0	0	0	0	0	0	0	0	0	2.25673678877149	0	0	0	0	0	0	0	0	3.00191232408366	0	0	0	0	0	0	0	0	0	0	0	0	0	0	0	0	0	7.42673369392848	0	0	0	0	0	0	0	0	0	0	0	0	0	0	0	0	0	0	0	0	0	0	0	0	0	0	0	0	0	0	0	0	0	0	0	0	0	0	0	0	0	0	0	0	0	0	0	0	0	0	0	0	0	0	0	0	0	0	0	0	0	0	0	0	0	0	0	0	0	0	0	0	0	0	0	0	0	0	0	0	0	0	0	0	0	0	0
Sulfonamide_antibiotic	0	0	0	0	0	0	0	0	0	0	0	0	0	0	0	0	0	0	0	0	0	0	0	0	0	0	0	0	0	0	0	0	0	0	0	0	0	0	0	0	0	0	0	0	0	0	0	0	0	0	0	0	0	0	0	0	0	0	0	0	0	0	0	0	0	0	12.708581931797	0	23.5611111238926	0	0	7.00140976186119	52.7613814498831	0	0	0	0	0	0	0	0	0	0	0	0	0	0	0	0	0	0	0	0	0	0	0	0	0	0	0	4.05969646604526	0	0	0	0	0	0	0	0	0	0	0	0	0	0	0	0	0	0	0	0	7.70348085056212	8.20088594065994	0	0	0	0	0	0	0	0	0	0	0	0	0	0	0	0	0	0	0	0	0	0	0	0	0	0	0	0	0	0	0	0	0	0	0	0	0	0	0	0	3.76905708191873	0	0	0	0	0	0	0	0	0	0	0	0	0	0	0	0	0	126.573051420438	0.678338833937715	0	0	0	0	0	0	0	0	0	0	0	0	0	0	0	0	0	0	0	0	0	0	0	0	0	0	0	0	0	0	11.1239885368811	0
Tetracycline	31.2673347918131	22.9503574787101	29.97853478246	16.2240278685029	73.325814619952	38.8016195991754	0	0	0	8.56836425018505	239.49337502662	84.0545884190335	0	8.0924869120387	68.1949194780736	70.8731118495569	0	0	87.3885737621711	46.684630485042	9.33673501030736	110.609790283694	113.98402099787	9.65867399352556	173.530729118147	213.417024715856	30.2146470452568	200.452805070124	229.239634325424	17.4367060147238	104.215842847283	9.83730242909361	0	0	0	15.4630088044753	8.59348350130657	0	0	7.60322093283262	25.2412806055934	0	0	26.5369335652752	0	19.5543719021778	8.67249435160443	149.550190284038	566.433950591096	0	42.3663753441251	10.5259657512526	15.2661618386078	0	55.7845650221242	107.242612474972	130.415684671133	67.8043084721212	46.4641125081688	0	0	25.0490213977842	27.0915177713795	55.6472115915426	86.8280051116651	0	41.3190972268013	0	41.2903115601693	0	288.085697078481	282.306137172026	4.28977874155003	9.40495944866768	290.772979833127	0	22.6193327537216	0	11.1692374867868	21.1048685693456	8.48994344074713	0	0	14.5396524670393	87.1196098875352	0	66.7841075437097	58.9728824897715	0	0	12.7082663986512	0	0	0	0	0	13.7554624316862	0	0	179.678325780918	29.6257688159293	0	0	15.2985458125512	0	30.5756652365098	19.1616058755521	135.089725080792	0	124.723269073179	3.9942493418204	0	129.841392467651	0	14.7284428618896	63.1920070318092	27.12169777849	28.9458758583727	129.475436647091	12.6527688386787	39.090841453757	28.6662291714523	84.3941985217045	0	0	29.9736525537585	0	22.8385525888795	14.8755710545783	0	72.6696700797626	0	0	0	0	39.9467011542999	0	291.109137488009	0	0	207.204926725777	13.5677642187422	0	66.912743788676	11.8094716993864	66.1382796457149	0	0	0	0	0	0	0	16.1476989925111	0	169.124819519391	0	0	12.0964540889702	0	21.2082481817674	0	49.5443360459576	5.19879206887658	6.10046341125322	70.2180926463125	83.6276591213088	129.167268905384	15.3749231541786	135.389074475285	0	81.3172553289692	80.2775044801822	32.28033165893	0	0	0	0	0	0	52.3981147937272	158.923697010022	161.341123102817	236.737011922987	74.6178716149264	0	0	53.8946039716313	40.5799327788561	21.3858276834668	21.2792316852763	0	277.895638268589	58.8762038134556	0	91.5511796248537	0	74.8388534684119	17.439947696376	131.701245140355	0	75.4888331251964	106.867717472723	12.5989580677721	36.6272957774947	36.9325708849687	32.0903196611045	31.4794842538908	0	108.206508921465	0	0	22.7881025631789	121.442164764679	0
Peptide_antibiotic	0	0	149.152393206467	0	0	0	60.7073235522371	0	0	0	0	0	28.4568448750181	0	25.0641798365063	27.9111484436267	120.930839764028	140.84324223747	0	5.38789043182127	0	51.2081237174933	0	0	0	0	0	1.50367582713329	0	0	29.8343147487028	195.407212102422	133.384723137693	44.157270922054	35.4563430045294	0	126.085083951359	0	21.9182425967114	101.848806704775	0	28.8025218686805	41.8344217372162	0	0	0	107.518575951152	0	0	0	0	5.28403168878612	69.6252426370454	11.0903712050826	0	0	25.2571172005302	80.4388669446015	0	0	87.2026085974785	0	0	37.6933316010885	67.4621215927638	0	0	0	184.566051821658	0	0	4.31326665672947	100.113057241514	0	0	0	0	165.867881043165	0	0	127.081542078156	0.239504783737781	0	0	27.8436229081566	23.3495210128999	46.5225368799606	0	0	0	0	0	0	0	0	0	0	0	0	0	0	0	0	214.009170242093	156.113030349274	0	0	0	198.880095169019	0	140.152052873589	0	0	0	147.007076855791	0	58.0113633048181	0	0	272.624115972048	0	0	26.908382802262	0	0	0	189.179186954189	0	0	69.7635229511406	0	43.1302664233139	27.2068834488902	166.995122656747	0	0	0	348.465228300236	72.0195795746875	0	0	0	0	0	0	0	155.079259997393	0	0	0	0	0	0	52.3330720333536	72.7986612630003	1.37744556778119	147.505782557908	0	10.7406552081297	0	21.3337327490584	227.405316649774	0	22.489708505638	0	31.5297036866847	0	238.211834332487	0	55.7857164281008	19.4796383557609	0	24.4606745423337	67.6180200490822	0	93.8821169336686	122.17945898181	0	0	113.325117438869	82.5960502115343	192.647645885986	0	0	0	143.003650576595	0	0	0	0	13.3735018050416	0	67.8749925829635	0	0	0	141.458940917971	5.15229445634859	6.47909637732574	33.1608272578697	0	0	0	0	0	0	0	0	86.9827146858996	0	0	0	0	0	0
Bicyclomycin	0	0	128.416176177306	0	0	0	0	0	0	0	0	0	0	0	0	11.679073657667	0	156.790467358714	0	0	0	29.4439346606631	0	0	0	0	0	0	0	0	0	9.78961284015645	28.2900363841684	43.3461702646163	13.9991863000961	0	94.1715244166976	0	0	0	0	29.6797961820583	22.1004500884053	15.202168893436	0	0	62.1079149450909	0	0	0	0	10.4703545438788	16.4286171069992	0	0	0	0	8.25469307367195	0	0	97.4966292234239	0	0	20.0377080776409	11.1293234174897	0	0	54.8727589962398	0	0	0	0	51.9757387294599	0	0	0	0	109.518350024247	0	0	62.4824303058106	0	0	0	9.69527679037336	12.1756811005997	12.0958023879851	0	0	0	0	0	0	0	0	0	0	0	0	0	0	0	0	159.284940276427	79.3609959285322	0	0	0	91.0368514119213	0	81.4438340458505	0	0	0	0	0	0	0	0	100.521571593718	0	0	13.1591197753271	0	0	0	84.7014840154017	0	0	0	0	0	0	94.9363321841833	0	0	0	0	69.1736730646575	0	0	0	0	0	0	0	144.922396669302	0	0	0	0	0	0	0	0	0	86.6425443326858	0	0	0	13.2419290825654	120.669210009907	0	37.3256438274589	0	14.8311763446888	0	0	0	30.9705558731034	0	0	11.8664908736876	9.86015845190708	0	28.4031826405427	43.074721775379	0	0	0	0	118.436586269273	0	0	0	54.3022532996867	0	0	0	0	14.0197158928127	0	0	0	0	0	67.5846044951992	0	0	0	0	0	0	0	0	0	0	0	0	0	0	0	0	0	0
Acridine_dye	0	0	0	0	0	0	0	0	0	0	0	0	0	2.55098812311004	0	0	0	0	1.40254291178708	0	0	0	0	0	0	0	0	0	0	0	0	0	0	0	0	0	0	0	0	0	0	0	0	0	0	0	0	0	0	0	0	0	0	0	0	0	0	0	0	0	0	0	0	0	0	0	0	0	0	0	0	0	0	0	0	0	0	0	0	0	0	0	0	0	0	0	0	0	0	0	0	0	0	0	0	0	0	0	0	0	0	0	0	0	0	0	0	0	0	0	0	0	0	0	0	0	0	0	0	0	0	0	0	0	0	0	0	0	0	0	0	0	0	0	0	0	0	0	0	0	0	0	0	0	0	0	0	0	0	0	0	0	0	0	0	0	0	0	0	0	0	0	0	0	0	0	0	0	0	0	0	0	0	0	0	0	0	0	0	0	0	0	0	0	0	0	0	0	0	0	0	0	0	0	0	0	0	0	0	0	0	0	0	0	0	0	0	0	0	0	0	0	0	0	0
Phenicol	0	0	186.069974514786	0	8.81058971163328	0	0	0	0	0	2.29401972994614	0	0	0	6.7900769235176	21.6945466688282	0	242.157026384111	0	0	0	92.9129728733401	46.6177801449016	0	0	0	0	0	0	0	10.9602107348653	0	179.194555899762	22.2984244118388	36.8502802632852	0	143.296810919342	0	0	134.786884940569	0	56.1558919017402	147.155978364025	0	0	0	95.6047872704108	0	0	0	0	20.3715705078682	48.3176316186102	0	0	0	55.1424958254093	24.0012217965963	0	0	179.401095766125	0	5.45925104518033	109.810027816851	139.408655418108	51.3247151541486	2.61164981194549	23.6154909515806	0	43.4834544718304	0	0	121.24836487524	0	0	10.3625113189711	0	217.214211334413	9.01753844678466	0	128.976296682083	0.728335623097956	0	0	24.9392395237143	34.1570206700329	37.1195930230474	0	0	0	0	0	0	0	0	0	0	16.5960297045963	0	8.77054974187192	7.07051669668791	0	0	193.195623991104	290.906102171672	0	56.3759891025852	0	254.634193795726	0	133.797215126132	0	0	0	0	0	0	0	0	284.619262395091	0	0	11.7612707113976	0	0	0	160.905174058903	0	0	0	0	0	0	280.018081062509	0	0	0	0	332.593548526483	0	0	0	0	0	0	0	137.260525602913	0	0	0	0	0	0	0	0	0	188.81365284337	0	8.94610922934027	0	34.0057008869125	322.713395655584	42.3144326895408	27.2253044097298	0	66.0111403885567	0	0	0	90.2056093879915	0	0	43.5601403870803	70.488509575333	0	39.6853126793045	221.91048155842	0	0	8.2026973160555	0	278.808945470307	10.143307699622	0	6.47467385352011	57.0816214540323	0	0	0	0	40.8026393952136	0	0	0	0	0	70.4131601893833	0	0	0	0	0	0	0	0	5.52764933520001	0	0	109.591404279163	0	0	0	0	12.188770154907	0
Nucleoside_antibiotic	0	0	0	0	0	0	0	0	0	0	0	0	0	0	0	0	0	0	0	0	0	0	0	0	0	9.29915483393271	0	0	0	0	0	0	0	0	0	0	0	0	0	0	0	0	0	0	0	0	0	0	0	0	0	0	0	0	0	0	0	0	0	0	0	0	0	0	0	0	0	0	0	0	0	0	0	0	0	0	0	0	0	0	0	5.84977630738151	0	0	0	0	36.6579519949732	0	0	0	0	0	0	0	0	0	0	0	0	10.1350184664233	0	0	0	17.0348003181958	0	0	0	3.64567355846169	0	0	0	0	0	0	0	0	0	0	0	0	0	0	0	0	0	0	0	0	0	0	0	0	0	0	0	0	0	0	0	0	0	0	0	0	0	0	0	0	0	0	0	0	0	0	0	0	0	0	0	68.0581450875333	0	0	4.50533453730409	0	0	0	0	201.753365216862	0	0	0	0	0	0	0	0	15.6519135141999	0	0	0	31.1879657067608	0	0	0	0	0	0	0	0	0	0	0	0	0	0	0	0	0	0	0	0	0	0	0	0	0	0	0	0	0	0	0	0	0	0
Fusidic_acid	34.5027921558657	10.9530453118997	0	0	0	0	0	0	0	0	0	0	0	0	0	0	0	0	0	0	0	0	0	0	0	0	0	0	0	0	0	0	0	0	0	0	0	0	0	0	0	0	0	0	0	0	0	0	0	0	0	0	0	0	0	0	0	0	0	0	0	0	0	0	0	0	0	0	0	0	0	0	0	0	0	0	0	0	0	0	0	0	0	0	0	0	0	0	0	0	0	0	0	0	0	0	0	0	0	0	0	0	0	0	0	0	0	0	0	0	0	0	0	0	0	0	0	0	0	0	0	0	0	0	0	0	0	0	0	0	0	0	0	0	0	0	0	0	0	0	0	0	0	0	0	0	0	0	0	0	0	0	0	0	0	0	0	0	0	0	0	0	0	0	0	0	0	0	0	0	0	0	0	0	0	0	0	0	0	0	0	0	0	0	0	0	0	0	0	0	0	0	0	0	0	0	0	0	0	0	0	0	0	0	0	0	0	0	0	0	0	0	0	0	0
Diaminopyrimidine	0	0	0	0	0	0	0	0	0	0	0	0	0	2.23080941720499	0	0	0	0	0	0	0	0	0	0	0	0	0	0	0	0	0	0	0	0	0	0	0	0	0	0	0	0	0	0	0	0	0	0	0	0	0	0	0	0	0	0	0	22.3725326295782	0	0	0	0	0	0	0	16.9016527105326	5.19819051788438	0	0	0	0	0	0	0	0	0	0	0	0	0	0	0	0	0	0	0	0	0	0	0	0	0	0	0	0	0	0	0	0	0	0	0	0	0	0	0	0	0	0	0	0	0	0	0	0	0	0	0	0	0	0	0	12.4697344818819	0	0	0	0	0	0	0	0	0	0	0	0	0	0	0	0	0	0	0	0	0	0	0	0	0	0	0	0	0	0	0	0	0	0	0	0	0	0	0	0	29.0517206666531	0	0	0	0	0	0	0	0	0	0	0	0	0	0	0	0	0	0	0	0	0	0	0	0	0	0	0	0	0	0	0	0	0	0	0	0	0	0	0	0	0	0	0	0	0	0	0	0	0	0	0
